"coef_violence","coef_se_violence","coef_EOSV","coef_se_EOSV","coef_int","coef_se_int","obsize_mb","dep_var","violence_var","int","n","BIC","AIC","country","rounds","round","actor","country2","dep_var_l"
0.466760269815589,0.368569826954643,NA,NA,NA,NA,1.243208,"ethnic_fairtreat","expo_reb_5yr_10km_bin","no_int",710,671.199392442814,639.242537652566,"Algeria",NA,6,"rebel","Algeria (6)","Ethnic grievances"
0.0958170991321822,0.233274534796395,NA,NA,NA,NA,1.243208,"ethnic_fairtreat","expo_reb_bf5yr_10km_bin","no_int",710,672.532986018182,640.576131227934,"Algeria",NA,6,"rebel","Algeria (6)","Ethnic grievances"
-0.867367225706159,0.740533679659516,NA,NA,NA,NA,1.239888,"ethnic_id","expo_reb_5yr_10km_bin","no_int",703,472.855988553246,440.968490310571,"Algeria",NA,6,"rebel","Algeria (6)","Ethnic ID"
-0.0263818445980066,0.304104524462616,NA,NA,NA,NA,1.239888,"ethnic_id","expo_reb_bf5yr_10km_bin","no_int",703,474.593580008614,442.70608176594,"Algeria",NA,6,"rebel","Algeria (6)","Ethnic ID"
-0.215846806170793,0.363183451334965,NA,NA,NA,NA,1.406312,"ethnic_fairtreat","expo_5yr_10km_bin","no_int",1065,900.248234258114,865.453123711109,"Burundi",NA,5,"state","Burundi (5)","Ethnic grievances"
-0.766387416388807,0.643647193372614,-0.691330782748264,0.233542293231317,0.738055878891098,0.610132263811941,1.431184,"ethnic_fairtreat","expo_5yr_10km_bin","EOSV_state",1065,905.917804893593,861.181234190301,"Burundi",NA,5,"state","Burundi (5)","Ethnic grievances"
-0.0264071189351299,0.196746056259141,NA,NA,NA,NA,1.406312,"ethnic_fairtreat","expo_reb_5yr_10km_bin","no_int",1065,900.592332390067,865.797221843062,"Burundi",NA,5,"rebel","Burundi (5)","Ethnic grievances"
-0.0314477912295354,0.217076244178349,0.417417458984189,0.36359610668799,0.105108622393035,0.450606517551326,1.431328,"ethnic_fairtreat","expo_reb_5yr_10km_bin","EOSV_rebel",1065,910.123608330707,865.387037627415,"Burundi",NA,5,"rebel","Burundi (5)","Ethnic grievances"
0.331416092725098,0.210718084930362,NA,NA,NA,NA,1.406312,"ethnic_fairtreat","expo_bf5yr_10km_bin","no_int",1065,898.083061415149,863.287950868144,"Burundi",NA,5,"state","Burundi (5)","Ethnic grievances"
0.492818795217821,0.419156823559768,-0.498521103911852,0.396348715621369,-0.170748732306516,0.466142719889733,1.431184,"ethnic_fairtreat","expo_bf5yr_10km_bin","EOSV_state",1065,904.454633990809,859.718063287517,"Burundi",NA,5,"state","Burundi (5)","Ethnic grievances"
0.0999607590235764,0.20322915783636,NA,NA,NA,NA,1.406312,"ethnic_fairtreat","expo_reb_bf5yr_10km_bin","no_int",1065,900.367161574427,865.572051027423,"Burundi",NA,5,"rebel","Burundi (5)","Ethnic grievances"
0.262912619920397,0.230463265426759,0.970920909071411,0.368358386664554,-0.72608744505801,0.448097606500986,1.431328,"ethnic_fairtreat","expo_reb_bf5yr_10km_bin","EOSV_rebel",1065,907.352720032358,862.616149329066,"Burundi",NA,5,"rebel","Burundi (5)","Ethnic grievances"
-0.887118747384147,0.689854070166336,NA,NA,NA,NA,1.412784,"ethnic_id","expo_5yr_10km_bin","no_int",1079,400.693910128389,365.807380371582,"Burundi",NA,5,"state","Burundi (5)","Ethnic ID"
-13.8822305705824,716.495097554706,1.38986304533446,0.740717694588077,12.8669803631351,716.494949994949,1.437936,"ethnic_id","expo_5yr_10km_bin","EOSV_state",1079,407.902148066904,363.04803837958,"Burundi",NA,5,"state","Burundi (5)","Ethnic ID"
-0.0122829710917241,0.341919274538072,NA,NA,NA,NA,1.412784,"ethnic_id","expo_reb_5yr_10km_bin","no_int",1079,402.598153969972,367.711624213165,"Burundi",NA,5,"rebel","Burundi (5)","Ethnic ID"
-0.0140957759604179,0.352026085723794,-1.02664375156067,1.04869299914166,-0.618980289331776,1.47390249125237,1.43808,"ethnic_id","expo_reb_5yr_10km_bin","EOSV_rebel",1079,411.270767497783,366.41665781046,"Burundi",NA,5,"rebel","Burundi (5)","Ethnic ID"
0.455284023266997,0.381351589291215,NA,NA,NA,NA,1.412784,"ethnic_id","expo_bf5yr_10km_bin","no_int",1079,401.111720611999,366.225190855192,"Burundi",NA,5,"state","Burundi (5)","Ethnic ID"
-0.605545982613282,1.44429523920147,0.723728042143341,1.06409297669496,1.078849154458,1.48212328284384,1.437936,"ethnic_id","expo_bf5yr_10km_bin","EOSV_state",1079,409.336874765723,364.482765078399,"Burundi",NA,5,"state","Burundi (5)","Ethnic ID"
-0.0945793791960947,0.348872778968142,NA,NA,NA,NA,1.412784,"ethnic_id","expo_reb_bf5yr_10km_bin","no_int",1079,402.526364820541,367.639835063734,"Burundi",NA,5,"rebel","Burundi (5)","Ethnic ID"
0.0647032065928471,0.36981286756195,-0.0142792641489027,0.789008971416502,-16.4464780334951,921.906591533438,1.43808,"ethnic_id","expo_reb_bf5yr_10km_bin","EOSV_rebel",1079,406.204518131663,361.35040844434,"Burundi",NA,5,"rebel","Burundi (5)","Ethnic ID"
-0.308525503261725,0.230795545680523,NA,NA,NA,NA,1.378984,"ethnic_fairtreat","expo_bf5yr_10km_bin","no_int",1012,1139.80636931716,1105.36858236823,"Cameroon",NA,5,"state","Cameroon (5)","Ethnic grievances"
0.250486148699598,0.323518300330705,NA,NA,NA,NA,1.430888,"ethnic_id","expo_bf5yr_10km_bin","no_int",1123,670.621917056407,635.455604373238,"Cameroon",NA,5,"state","Cameroon (5)","Ethnic ID"
-0.745437634764126,0.273014989687307,NA,NA,NA,NA,1.38948,"ethnic_fairtreat","expo_bf5yr_10km_bin","no_int",1059,1091.60757337653,1056.85201095732,"Cameroon",NA,6,"state","Cameroon (6)","Ethnic grievances"
0.470448809517938,0.336620001844026,NA,NA,NA,NA,1.421224,"ethnic_id","expo_bf5yr_10km_bin","no_int",1127,656.381414619398,621.190213021119,"Cameroon",NA,6,"state","Cameroon (6)","Ethnic ID"
0.123198157894749,0.179148393801898,NA,NA,NA,NA,1.425824,"ethnic_fairtreat","expo_5yr_10km_bin","no_int",1110,1151.80959809247,1116.72479103233,"Cote D'Ivoire",NA,5,"state","Cote D'Ivoire (5)","Ethnic grievances"
0.116710496272267,0.290730051650118,-0.242636915437884,0.198445027787012,0.0181163176540098,0.345044552706291,1.451592,"ethnic_fairtreat","expo_5yr_10km_bin","EOSV_state",1110,1163.7824491465,1118.67341149774,"Cote D'Ivoire",NA,5,"state","Cote D'Ivoire (5)","Ethnic grievances"
0.203377254553626,0.193630257569438,NA,NA,NA,NA,1.425824,"ethnic_fairtreat","expo_bf5yr_10km_bin","no_int",1110,1151.18417474577,1116.09936768562,"Cote D'Ivoire",NA,5,"state","Cote D'Ivoire (5)","Ethnic grievances"
0.223716308927315,0.300549052810143,-0.222991116595485,0.193970659142982,-0.034493379163136,0.35640723077025,1.451592,"ethnic_fairtreat","expo_bf5yr_10km_bin","EOSV_state",1110,1163.21754031991,1118.10850267115,"Cote D'Ivoire",NA,5,"state","Cote D'Ivoire (5)","Ethnic grievances"
0.0120478628674694,0.217021010258946,NA,NA,NA,NA,1.425824,"ethnic_fairtreat","expo_reb_bf5yr_10km_bin","no_int",1110,1152.27728440855,1117.1924773484,"Cote D'Ivoire",NA,5,"rebel","Cote D'Ivoire (5)","Ethnic grievances"
0.222013112473663,0.289211259485945,0.331507474162392,0.175723977369512,-0.372368690585323,0.368130215574304,1.451736,"ethnic_fairtreat","expo_reb_bf5yr_10km_bin","EOSV_rebel",1110,1162.70219665206,1117.5931590033,"Cote D'Ivoire",NA,5,"rebel","Cote D'Ivoire (5)","Ethnic grievances"
0.0806725675094758,0.241281732985901,NA,NA,NA,NA,1.438848,"ethnic_id","expo_5yr_10km_bin","no_int",1138,768.640337321682,733.381144018878,"Cote D'Ivoire",NA,5,"state","Cote D'Ivoire (5)","Ethnic ID"
-0.0240594777326946,0.414525818486749,-0.0335183606923166,0.269532725393197,0.148817782523724,0.478061308920654,1.465176,"ethnic_id","expo_5yr_10km_bin","EOSV_state",1138,782.613403370452,737.280154838276,"Cote D'Ivoire",NA,5,"state","Cote D'Ivoire (5)","Ethnic ID"
0.422302833596109,0.263699333896366,NA,NA,NA,NA,1.438848,"ethnic_id","expo_bf5yr_10km_bin","no_int",1138,766.224908112481,730.965714809677,"Cote D'Ivoire",NA,5,"state","Cote D'Ivoire (5)","Ethnic ID"
0.294208057926426,0.427921027345661,-0.0418603726439268,0.266424111053902,0.185766479828651,0.485971707715556,1.465176,"ethnic_id","expo_bf5yr_10km_bin","EOSV_state",1138,780.148367731579,734.815119199403,"Cote D'Ivoire",NA,5,"state","Cote D'Ivoire (5)","Ethnic ID"
0.726527731733063,0.301805550824662,NA,NA,NA,NA,1.438848,"ethnic_id","expo_reb_bf5yr_10km_bin","no_int",1138,762.868153031031,727.608959728227,"Cote D'Ivoire",NA,5,"rebel","Cote D'Ivoire (5)","Ethnic ID"
0.797178688096094,0.363821458994269,-0.378230675704263,0.24306531020723,-0.187932503837455,0.472650728325168,1.46532,"ethnic_id","expo_reb_bf5yr_10km_bin","EOSV_rebel",1138,772.481901787058,727.148653254882,"Cote D'Ivoire",NA,5,"rebel","Cote D'Ivoire (5)","Ethnic ID"
0.252636583741113,0.164335630085178,NA,NA,NA,NA,1.44376,"ethnic_fairtreat","expo_5yr_10km_bin","no_int",1154,1357.28716490305,1321.93023877357,"Cote D'Ivoire",NA,6,"state","Cote D'Ivoire (6)","Ethnic grievances"
-0.204126555269747,0.307806625191752,-0.128895963937662,0.180128092768206,0.604638708436608,0.338940333545191,1.470408,"ethnic_fairtreat","expo_5yr_10km_bin","EOSV_state",1154,1367.99880230203,1322.53989727841,"Cote D'Ivoire",NA,6,"state","Cote D'Ivoire (6)","Ethnic grievances"
0.0685327878593815,0.167340890139756,NA,NA,NA,NA,1.44376,"ethnic_fairtreat","expo_bf5yr_10km_bin","no_int",1154,1359.47559771919,1324.11867158971,"Cote D'Ivoire",NA,6,"state","Cote D'Ivoire (6)","Ethnic grievances"
-0.329018000216035,0.320502212503574,-0.0876437836366941,0.175898928841886,0.519448934778742,0.352424282717829,1.470408,"ethnic_fairtreat","expo_bf5yr_10km_bin","EOSV_state",1154,1371.23321945841,1325.77431443479,"Cote D'Ivoire",NA,6,"state","Cote D'Ivoire (6)","Ethnic grievances"
0.206921188206338,0.161614269666127,NA,NA,NA,NA,1.44376,"ethnic_fairtreat","expo_reb_bf5yr_10km_bin","no_int",1154,1358.00761370433,1322.65068757486,"Cote D'Ivoire",NA,6,"rebel","Cote D'Ivoire (6)","Ethnic grievances"
0.0502919327860869,0.228809427491065,0.257134864681502,0.169192182255856,0.335157989557114,0.293707503188795,1.470552,"ethnic_fairtreat","expo_reb_bf5yr_10km_bin","EOSV_rebel",1154,1363.77906507054,1318.32016004693,"Cote D'Ivoire",NA,6,"rebel","Cote D'Ivoire (6)","Ethnic grievances"
0.328406151439613,0.232429110402594,NA,NA,NA,NA,1.462432,"ethnic_id","expo_5yr_10km_bin","no_int",1194,798.226252906489,762.630802848822,"Cote D'Ivoire",NA,6,"state","Cote D'Ivoire (6)","Ethnic ID"
0.573896538780429,0.407151277137784,0.107842639531356,0.27963973030132,-0.334883801862535,0.458716540630271,1.48988,"ethnic_id","expo_5yr_10km_bin","EOSV_state",1194,811.863107490989,766.097528845416,"Cote D'Ivoire",NA,6,"state","Cote D'Ivoire (6)","Ethnic ID"
0.406500874364903,0.235123816027767,NA,NA,NA,NA,1.462432,"ethnic_id","expo_bf5yr_10km_bin","no_int",1194,797.246869967069,761.651419909401,"Cote D'Ivoire",NA,6,"state","Cote D'Ivoire (6)","Ethnic ID"
0.561841324395279,0.413373867623407,0.0489717518635178,0.275062018804224,-0.209041042426326,0.461652507372543,1.48988,"ethnic_id","expo_bf5yr_10km_bin","EOSV_state",1194,811.20158659343,765.436007947857,"Cote D'Ivoire",NA,6,"state","Cote D'Ivoire (6)","Ethnic ID"
0.242340254550775,0.231161373722634,NA,NA,NA,NA,1.462432,"ethnic_id","expo_reb_bf5yr_10km_bin","no_int",1194,799.106255550215,763.510805492547,"Cote D'Ivoire",NA,6,"rebel","Cote D'Ivoire (6)","Ethnic ID"
0.027359167112323,0.31029046752212,-0.313616120340997,0.256315964612398,0.424789345138226,0.420206025085428,1.490024,"ethnic_id","expo_reb_bf5yr_10km_bin","EOSV_rebel",1194,811.642195085037,765.876616439464,"Cote D'Ivoire",NA,6,"rebel","Cote D'Ivoire (6)","Ethnic ID"
-0.380324147575515,0.282415917976099,NA,NA,NA,NA,1.441688,"ethnic_fairtreat","expo_5yr_10km_bin","no_int",1145,1470.95418402335,1435.65206461143,"Guinea",NA,5,"state","Guinea (5)","Ethnic grievances"
-0.0766326471874811,0.221287271539504,NA,NA,NA,NA,1.441688,"ethnic_fairtreat","expo_bf5yr_10km_bin","no_int",1145,1472.65526679917,1437.35314738725,"Guinea",NA,5,"state","Guinea (5)","Ethnic grievances"
-0.596468113880364,0.302649871911494,NA,NA,NA,NA,1.441688,"ethnic_fairtreat","expo_reb_bf5yr_10km_bin","no_int",1145,1468.65505673784,1433.35293732593,"Guinea",NA,5,"rebel","Guinea (5)","Ethnic grievances"
-0.379310893698791,0.464487737317395,NA,NA,NA,NA,1.459,"ethnic_id","expo_5yr_10km_bin","no_int",1182,872.516696192952,836.991953807189,"Guinea",NA,5,"state","Guinea (5)","Ethnic ID"
0.266940980468557,0.33527505990848,NA,NA,NA,NA,1.459,"ethnic_id","expo_bf5yr_10km_bin","no_int",1182,872.567049270356,837.042306884594,"Guinea",NA,5,"state","Guinea (5)","Ethnic ID"
0.138446024529829,0.432045383855423,NA,NA,NA,NA,1.459,"ethnic_id","expo_reb_bf5yr_10km_bin","no_int",1182,873.079115273435,837.554372887673,"Guinea",NA,5,"rebel","Guinea (5)","Ethnic ID"
-0.0619342335962324,0.337822023954417,NA,NA,NA,NA,1.441712,"ethnic_fairtreat","expo_5yr_10km_bin","no_int",1145,1324.12300435244,1288.82088494052,"Guinea",NA,6,"state","Guinea (6)","Ethnic grievances"
0.0759718297219373,0.213888157313226,NA,NA,NA,NA,1.441712,"ethnic_fairtreat","expo_bf5yr_10km_bin","no_int",1145,1324.0313088947,1288.72918948278,"Guinea",NA,6,"state","Guinea (6)","Ethnic grievances"
0.288517322272951,0.289022908630516,NA,NA,NA,NA,1.441712,"ethnic_fairtreat","expo_reb_bf5yr_10km_bin","no_int",1145,1323.18035115374,1287.87823174182,"Guinea",NA,6,"rebel","Guinea (6)","Ethnic grievances"
0.414456674780718,0.588079505178929,NA,NA,NA,NA,1.461784,"ethnic_id","expo_5yr_10km_bin","no_int",1188,713.686702303652,678.126516804194,"Guinea",NA,6,"state","Guinea (6)","Ethnic ID"
-0.061139841585375,0.37840898954119,NA,NA,NA,NA,1.461784,"ethnic_id","expo_bf5yr_10km_bin","no_int",1188,714.145724311415,678.585538811957,"Guinea",NA,6,"state","Guinea (6)","Ethnic ID"
0.571827314559821,0.476300407569274,NA,NA,NA,NA,1.461784,"ethnic_id","expo_reb_bf5yr_10km_bin","no_int",1188,712.870871537822,677.310686038363,"Guinea",NA,6,"rebel","Guinea (6)","Ethnic ID"
0.863211474610861,0.361419843914293,NA,NA,NA,NA,2.339752,"ethnic_fairtreat","expo_5yr_10km_bin","no_int",1594,2013.04265785776,1975.4246448423,"Kenya",NA,2,"state","Kenya (2)","Ethnic grievances"
0.572989929251787,0.245995437174273,NA,NA,NA,NA,2.339752,"ethnic_fairtreat","expo_bf5yr_10km_bin","no_int",1594,2013.33623547661,1975.71822246116,"Kenya",NA,2,"state","Kenya (2)","Ethnic grievances"
0.191183452494734,0.459099074288459,NA,NA,NA,NA,2.69816,"ethnic_id","expo_5yr_10km_bin","no_int",2360,1881.70931427925,1841.34439599312,"Kenya",NA,2,"state","Kenya (2)","Ethnic ID"
0.250679879178268,0.294444466528738,NA,NA,NA,NA,2.69816,"ethnic_id","expo_bf5yr_10km_bin","no_int",2360,1881.17362103229,1840.80870274615,"Kenya",NA,2,"state","Kenya (2)","Ethnic ID"
1.24549283574827,0.373036268419374,NA,NA,NA,NA,1.497048,"ethnic_fairtreat","expo_5yr_10km_bin","no_int",1163,1540.97714780873,1505.5658407411,"Kenya",NA,3,"state","Kenya (3)","Ethnic grievances"
-0.162228401339664,0.203967955313348,NA,NA,NA,NA,1.497048,"ethnic_fairtreat","expo_bf5yr_10km_bin","no_int",1163,1551.86112119282,1516.44981412519,"Kenya",NA,3,"state","Kenya (3)","Ethnic grievances"
0.123729709065261,0.428262024704879,NA,NA,NA,NA,1.540088,"ethnic_id","expo_5yr_10km_bin","no_int",1255,1131.70896658676,1095.7647306258,"Kenya",NA,3,"state","Kenya (3)","Ethnic ID"
-0.599334695259882,0.290595515279252,NA,NA,NA,NA,1.540088,"ethnic_id","expo_bf5yr_10km_bin","no_int",1255,1127.21816982175,1091.27393386078,"Kenya",NA,3,"state","Kenya (3)","Ethnic ID"
0.233723859782888,0.251672477455937,NA,NA,NA,NA,1.347136,"ethnic_fairtreat","expo_5yr_10km_bin","no_int",1054,1357.66463458736,1322.94220048365,"Kenya",NA,4,"state","Kenya (4)","Ethnic grievances"
0.248780229298805,0.29766578339982,NA,NA,NA,NA,1.347136,"ethnic_fairtreat","expo_reb_5yr_10km_bin","no_int",1054,1357.8259990191,1323.10356491539,"Kenya",NA,4,"rebel","Kenya (4)","Ethnic grievances"
0.114055601827204,0.310303404127059,0.0399364572272004,0.218994286976946,1.02085718728126,0.565564635942514,1.371928,"ethnic_fairtreat","expo_reb_5yr_10km_bin","EOSV_rebel",1054,1367.63831604092,1322.99518647901,"Kenya",NA,4,"rebel","Kenya (4)","Ethnic grievances"
0.928233055226649,0.381046758110331,NA,NA,NA,NA,1.347136,"ethnic_fairtreat","expo_bf5yr_10km_bin","no_int",1054,1352.42458447425,1317.70215037054,"Kenya",NA,4,"state","Kenya (4)","Ethnic grievances"
-0.729907027199357,0.421617306027852,NA,NA,NA,NA,1.356432,"ethnic_id","expo_5yr_10km_bin","no_int",1074,843.89640470544,809.042387779958,"Kenya",NA,4,"state","Kenya (4)","Ethnic ID"
-0.753328207993508,0.482026609764788,NA,NA,NA,NA,1.356432,"ethnic_id","expo_reb_5yr_10km_bin","no_int",1074,844.568502782096,809.714485856614,"Kenya",NA,4,"rebel","Kenya (4)","Ethnic ID"
-0.719955987193824,0.486562025603062,-1.06444142279426,0.471361634072961,0.992660557245214,0.850291235991224,1.381624,"ethnic_id","expo_reb_5yr_10km_bin","EOSV_rebel",1074,851.726093245045,806.913785769426,"Kenya",NA,4,"rebel","Kenya (4)","Ethnic ID"
1.15167069468394,0.495007084310707,NA,NA,NA,NA,1.356432,"ethnic_id","expo_bf5yr_10km_bin","no_int",1074,841.970471847278,807.116454921796,"Kenya",NA,4,"state","Kenya (4)","Ethnic ID"
-0.320130506402184,0.15337169724096,NA,NA,NA,NA,2.617136,"ethnic_fairtreat","expo_5yr_10km_bin","no_int",2186,2503.19722662133,2463.36842594017,"Kenya",NA,5,"state","Kenya (5)","Ethnic grievances"
0.0587579516779532,0.170862579947861,NA,NA,NA,NA,2.617136,"ethnic_fairtreat","expo_reb_5yr_10km_bin","no_int",2186,2507.5834706855,2467.75467000434,"Kenya",NA,5,"rebel","Kenya (5)","Ethnic grievances"
0.134732452612236,0.180116475482376,0.468177591153353,0.115880076625986,-0.346631016895475,0.337534577313629,2.664568,"ethnic_fairtreat","expo_reb_5yr_10km_bin","EOSV_rebel",2186,2506.67837020217,2455.46991218354,"Kenya",NA,5,"rebel","Kenya (5)","Ethnic grievances"
0.0866698264427466,0.150114748454313,NA,NA,NA,NA,2.617136,"ethnic_fairtreat","expo_bf5yr_10km_bin","no_int",2186,2507.36985771691,2467.54105703576,"Kenya",NA,5,"state","Kenya (5)","Ethnic grievances"
-0.0750492258591803,0.226756715180257,NA,NA,NA,NA,2.690064,"ethnic_id","expo_5yr_10km_bin","no_int",2342,1403.62050066519,1363.30917685608,"Kenya",NA,5,"state","Kenya (5)","Ethnic ID"
-0.154283812345939,0.267862499548953,NA,NA,NA,NA,2.690064,"ethnic_id","expo_reb_5yr_10km_bin","no_int",2342,1403.39214084529,1363.08081703618,"Kenya",NA,5,"rebel","Kenya (5)","Ethnic ID"
-0.123826378633973,0.272303871251575,-0.0754583471471148,0.186182202052815,-0.275629738879038,0.534398192661703,2.740616,"ethnic_id","expo_reb_5yr_10km_bin","EOSV_rebel",2342,1418.20546850835,1366.37662361093,"Kenya",NA,5,"rebel","Kenya (5)","Ethnic ID"
0.0621593944019905,0.221508987661642,NA,NA,NA,NA,2.690064,"ethnic_id","expo_bf5yr_10km_bin","no_int",2342,1403.6531227209,1363.3417989118,"Kenya",NA,5,"state","Kenya (5)","Ethnic ID"
0.490447729961756,0.195690293620293,NA,NA,NA,NA,2.682728,"ethnic_fairtreat","expo_5yr_10km_bin","no_int",2316,2569.72538575211,2529.49220788126,"Kenya",NA,6,"state","Kenya (6)","Ethnic grievances"
-0.163055079985004,0.153371459065936,NA,NA,NA,NA,2.682728,"ethnic_fairtreat","expo_reb_5yr_10km_bin","no_int",2316,2574.72898872712,2534.49581085627,"Kenya",NA,6,"rebel","Kenya (6)","Ethnic grievances"
-0.285661892362927,0.168927084392521,0.081148597606555,0.118061121751323,0.639720356805433,0.303405847358106,2.73276,"ethnic_fairtreat","expo_reb_5yr_10km_bin","EOSV_rebel",2316,2583.39185819117,2531.66348664294,"Kenya",NA,6,"rebel","Kenya (6)","Ethnic grievances"
0.082490818655944,0.127205394036247,NA,NA,NA,NA,2.682728,"ethnic_fairtreat","expo_bf5yr_10km_bin","no_int",2316,2575.4551947152,2535.22201684435,"Kenya",NA,6,"state","Kenya (6)","Ethnic grievances"
1.73628730301403,0.272982632190435,NA,NA,NA,NA,2.682728,"ethnic_fairtreat","expo_reb_bf5yr_10km_bin","no_int",2316,2533.98532253092,2493.75214466007,"Kenya",NA,6,"rebel","Kenya (6)","Ethnic grievances"
1.52018945240099,0.288943032676433,0.0545615031551203,0.114177290021247,0.974166054378943,0.403579030274854,2.73276,"ethnic_fairtreat","expo_reb_bf5yr_10km_bin","EOSV_rebel",2316,2542.30382615499,2490.57545460675,"Kenya",NA,6,"rebel","Kenya (6)","Ethnic grievances"
0.0366741132088735,0.304318496298053,NA,NA,NA,NA,2.707504,"ethnic_id","expo_5yr_10km_bin","no_int",2369,1462.66709450632,1422.27553207721,"Kenya",NA,6,"state","Kenya (6)","Ethnic ID"
-0.275389392707055,0.239866405626008,NA,NA,NA,NA,2.707504,"ethnic_id","expo_reb_5yr_10km_bin","no_int",2369,1461.32071432892,1420.92915189981,"Kenya",NA,6,"rebel","Kenya (6)","Ethnic ID"
-0.144454186298664,0.258218072560287,0.41592111564202,0.170682150558073,-0.636802534309024,0.492960461748819,2.7586,"ethnic_id","expo_reb_5yr_10km_bin","EOSV_rebel",2369,1470.86782692974,1418.93581809231,"Kenya",NA,6,"rebel","Kenya (6)","Ethnic ID"
-0.525713731061978,0.216542297131044,NA,NA,NA,NA,2.707504,"ethnic_id","expo_bf5yr_10km_bin","no_int",2369,1456.31808616685,1415.92652373774,"Kenya",NA,6,"state","Kenya (6)","Ethnic ID"
0.030736252342167,0.369485404439321,NA,NA,NA,NA,2.707504,"ethnic_id","expo_reb_bf5yr_10km_bin","no_int",2369,1462.6746603368,1422.28309790769,"Kenya",NA,6,"rebel","Kenya (6)","Ethnic ID"
-0.0743387759359756,0.400303377221337,0.32140077587952,0.165259163552028,0.137546414234838,0.587218270921518,2.7586,"ethnic_id","expo_reb_bf5yr_10km_bin","EOSV_rebel",2369,1473.89891521538,1421.96690637795,"Kenya",NA,6,"rebel","Kenya (6)","Ethnic ID"
-0.372241637700321,0.301856629323223,NA,NA,NA,NA,1.432624,"ethnic_fairtreat","expo_5yr_10km_bin","no_int",1126,785.330490328631,750.145502667733,"Liberia",NA,4,"state","Liberia (4)","Ethnic grievances"
-0.404914237637865,0.318069602443369,0.0268547769503911,0.323693159230119,0.163046286460975,0.649793253670609,1.458712,"ethnic_fairtreat","expo_5yr_10km_bin","EOSV_state",1126,799.275152374174,754.037311095877,"Liberia",NA,4,"state","Liberia (4)","Ethnic grievances"
-0.532307185276283,0.256001693441798,NA,NA,NA,NA,1.432624,"ethnic_fairtreat","expo_bf5yr_10km_bin","no_int",1126,782.426533840707,747.241546179809,"Liberia",NA,4,"state","Liberia (4)","Ethnic grievances"
-0.605856141337835,0.282719371639213,0.0195175055773462,0.369427834912159,0.266250968155524,0.553542843756539,1.458712,"ethnic_fairtreat","expo_bf5yr_10km_bin","EOSV_state",1126,796.066068870621,750.828227592324,"Liberia",NA,4,"state","Liberia (4)","Ethnic grievances"
-0.179489179421159,0.267314052842726,NA,NA,NA,NA,1.432624,"ethnic_fairtreat","expo_reb_bf5yr_10km_bin","no_int",1126,786.432814454866,751.247826793969,"Liberia",NA,4,"rebel","Liberia (4)","Ethnic grievances"
-0.106497441675336,0.282844393677768,1.39697085340918,0.562355341369541,-0.754572601065277,0.740636751681488,1.458856,"ethnic_fairtreat","expo_reb_bf5yr_10km_bin","EOSV_rebel",1126,793.821231665877,748.58339038758,"Liberia",NA,4,"rebel","Liberia (4)","Ethnic grievances"
-0.531977900926657,0.33859362317264,NA,NA,NA,NA,1.462624,"ethnic_id","expo_5yr_10km_bin","no_int",1190,803.659087500939,768.0871273982,"Liberia",NA,4,"state","Liberia (4)","Ethnic ID"
-0.318568429144926,0.370771856035121,-0.0994530555454022,0.27568235226904,-1.17650566705105,1.09391998436211,1.489992,"ethnic_id","expo_5yr_10km_bin","EOSV_state",1190,815.792225802235,770.056848527284,"Liberia",NA,4,"state","Liberia (4)","Ethnic ID"
-0.0046806735999829,0.232627736432487,NA,NA,NA,NA,1.462624,"ethnic_id","expo_bf5yr_10km_bin","no_int",1190,806.286329084705,770.714368981966,"Liberia",NA,4,"state","Liberia (4)","Ethnic ID"
0.136120161723938,0.270392378113902,-0.137368805394004,0.327254682290436,-0.358894443592972,0.539183237823776,1.489992,"ethnic_id","expo_bf5yr_10km_bin","EOSV_state",1190,819.005288029638,773.269910754688,"Liberia",NA,4,"state","Liberia (4)","Ethnic ID"
0.237213690318355,0.228001933164612,NA,NA,NA,NA,1.462624,"ethnic_id","expo_reb_bf5yr_10km_bin","no_int",1190,805.194767302046,769.622807199307,"Liberia",NA,4,"rebel","Liberia (4)","Ethnic ID"
0.264710161030581,0.237111585150015,0.609540999230155,0.588179161188901,-0.366171686565578,0.781632160679428,1.490136,"ethnic_id","expo_reb_bf5yr_10km_bin","EOSV_rebel",1190,818.184106525892,772.448729250942,"Liberia",NA,4,"rebel","Liberia (4)","Ethnic ID"
0.512910833007048,0.286944633705424,NA,NA,NA,NA,1.407808,"ethnic_fairtreat","expo_bf5yr_10km_bin","no_int",1073,524.430883473959,489.583387275544,"Liberia",NA,5,"state","Liberia (5)","Ethnic grievances"
0.445000688040001,0.329851265137244,-0.287148240414942,0.505935581243358,0.352087064325895,0.64461261378324,1.43284,"ethnic_fairtreat","expo_bf5yr_10km_bin","EOSV_state",1073,538.016825290786,493.21290160711,"Liberia",NA,5,"state","Liberia (5)","Ethnic grievances"
0.701655763105903,0.315231838330663,NA,NA,NA,NA,1.407808,"ethnic_fairtreat","expo_reb_bf5yr_10km_bin","no_int",1073,522.45565552602,487.608159327605,"Liberia",NA,5,"rebel","Liberia (5)","Ethnic grievances"
0.60132736364758,0.324403357115335,-0.345779484434931,1.05425996784628,1.32093230911393,1.14800252358757,1.432984,"ethnic_fairtreat","expo_reb_bf5yr_10km_bin","EOSV_rebel",1073,532.362933863539,487.559010179863,"Liberia",NA,5,"rebel","Liberia (5)","Ethnic grievances"
0.210493277503376,0.30388104501668,NA,NA,NA,NA,1.443296,"ethnic_id","expo_bf5yr_10km_bin","no_int",1149,533.053849074455,497.727318129513,"Liberia",NA,5,"state","Liberia (5)","Ethnic ID"
0.419296865526229,0.352890085350138,0.937360813098466,0.409323464842015,-1.02503349193468,0.601272895256507,1.469848,"ethnic_id","expo_bf5yr_10km_bin","EOSV_state",1149,542.345858155728,496.92603265509,"Liberia",NA,5,"state","Liberia (5)","Ethnic ID"
0.0549312964425476,0.327800006959006,NA,NA,NA,NA,1.443296,"ethnic_id","expo_reb_bf5yr_10km_bin","no_int",1149,533.502567684543,498.176036739602,"Liberia",NA,5,"rebel","Liberia (5)","Ethnic ID"
0.0436846825429943,0.331630611303501,-0.239124907629945,1.05189904610862,0.234397614280175,1.2256718781603,1.469992,"ethnic_id","expo_reb_bf5yr_10km_bin","EOSV_rebel",1149,547.540633571363,502.120808070725,"Liberia",NA,5,"rebel","Liberia (5)","Ethnic ID"
0.305792895988412,0.255484265571401,NA,NA,NA,NA,1.395264,"ethnic_fairtreat","expo_bf5yr_10km_bin","no_int",1049,598.055118614964,563.36597035619,"Liberia",NA,6,"state","Liberia (6)","Ethnic grievances"
-0.871057636480224,0.445869382690455,0.960326739092116,0.331559751494794,1.30867738371649,0.540297343511151,1.419816,"ethnic_fairtreat","expo_bf5yr_10km_bin","EOSV_state",1049,574.205377222975,529.605043747408,"Liberia",NA,6,"state","Liberia (6)","Ethnic grievances"
-0.946028308689218,0.306660532944951,NA,NA,NA,NA,1.395264,"ethnic_fairtreat","expo_reb_bf5yr_10km_bin","no_int",1049,589.102277593016,554.413129334242,"Liberia",NA,6,"rebel","Liberia (6)","Ethnic grievances"
-1.21728234119805,0.338967876222279,0.811633068175688,0.469648749867906,0.944087872477158,0.605119249922522,1.41996,"ethnic_fairtreat","expo_reb_bf5yr_10km_bin","EOSV_rebel",1049,583.240908078086,538.640574602519,"Liberia",NA,6,"rebel","Liberia (6)","Ethnic grievances"
0.21611466057577,0.214422663576249,NA,NA,NA,NA,1.4242,"ethnic_id","expo_bf5yr_10km_bin","no_int",1111,808.394828200069,773.303717672592,"Liberia",NA,6,"state","Liberia (6)","Ethnic ID"
0.0342852586383991,0.271286244887162,0.106822383340089,0.309909400537208,0.329566563455808,0.432761521278368,1.449992,"ethnic_id","expo_bf5yr_10km_bin","EOSV_state",1111,820.472032006715,775.354889899958,"Liberia",NA,6,"state","Liberia (6)","Ethnic ID"
-0.214097869351495,0.236594267191805,NA,NA,NA,NA,1.4242,"ethnic_id","expo_reb_bf5yr_10km_bin","no_int",1111,808.578785969965,773.487675442487,"Liberia",NA,6,"rebel","Liberia (6)","Ethnic ID"
-0.230845335241332,0.24968742317767,0.682782832277542,0.463442940231982,-0.0299838072802352,0.583905420400012,1.450136,"ethnic_id","expo_reb_bf5yr_10km_bin","EOSV_rebel",1111,817.657655607064,772.540513500307,"Liberia",NA,6,"rebel","Liberia (6)","Ethnic ID"
-0.111248912402837,0.82858401722149,NA,NA,NA,NA,1.440824,"ethnic_fairtreat","expo_5yr_10km_bin","no_int",1141,228.598183235438,193.320560786403,"Madagascar",NA,5,"state","Madagascar (5)","Ethnic grievances"
1.13960063200622,0.852691681448006,NA,NA,NA,NA,1.457152,"ethnic_id","expo_5yr_10km_bin","no_int",1176,577.696246370254,542.207127471044,"Madagascar",NA,5,"state","Madagascar (5)","Ethnic ID"
0.65488842628133,1.24063324925566,NA,NA,NA,NA,1.465864,"ethnic_fairtreat","expo_5yr_10km_bin","no_int",1196,172.27565350572,136.668487964146,"Madagascar",NA,6,"state","Madagascar (6)","Ethnic grievances"
0.923035364422528,1.38711257834667,NA,NA,NA,NA,1.465864,"ethnic_fairtreat","expo_bf5yr_10km_bin","no_int",1196,172.067724377918,136.460558836344,"Madagascar",NA,6,"state","Madagascar (6)","Ethnic grievances"
0.448311431526459,0.827764928016708,NA,NA,NA,NA,1.467224,"ethnic_id","expo_5yr_10km_bin","no_int",1199,736.44792814369,700.823226058497,"Madagascar",NA,6,"state","Madagascar (6)","Ethnic ID"
-0.334880312536649,0.862687706522069,NA,NA,NA,NA,1.467224,"ethnic_id","expo_bf5yr_10km_bin","no_int",1199,736.561762149318,700.937060064126,"Madagascar",NA,6,"state","Madagascar (6)","Ethnic ID"
-0.348710370071492,0.227251888039933,NA,NA,NA,NA,2.3014,"ethnic_fairtreat","expo_bf5yr_10km_bin","no_int",1985,1942.67915529003,1914.71228432443,"Mali",NA,1,"state","Mali (1)","Ethnic grievances"
-0.531361264597508,0.303843763070501,0.36096270637168,0.287343664277768,0.0996070042307594,0.547388291268273,2.344192,"ethnic_fairtreat","expo_bf5yr_10km_bin","EOSV_state",1985,1955.8141708404,1916.66055148855,"Mali",NA,1,"state","Mali (1)","Ethnic grievances"
-0.031765087613491,0.163090846054409,NA,NA,NA,NA,2.346376,"ethnic_id","expo_bf5yr_10km_bin","no_int",2089,2827.35879654863,2799.13659274085,"Mali",NA,1,"state","Mali (1)","Ethnic ID"
0.0695637801569779,0.21659926570335,0.218893103919059,0.233330948431399,-0.481417035218439,0.408027922850301,2.391312,"ethnic_id","expo_bf5yr_10km_bin","EOSV_state",2089,2841.06122400939,2801.5501386785,"Mali",NA,1,"state","Mali (1)","Ethnic ID"
0.55719377594231,0.221000394563102,NA,NA,NA,NA,1.49008,"ethnic_fairtreat","expo_bf5yr_10km_bin","no_int",1146,1272.96287094888,1237.65464066796,"Mali",NA,2,"state","Mali (2)","Ethnic grievances"
0.0784629291106496,0.298215596674095,-0.0287856929873734,0.443261874843825,1.25657241421796,0.622315217280827,1.516568,"ethnic_fairtreat","expo_bf5yr_10km_bin","EOSV_state",1146,1280.29370418449,1234.89740810902,"Mali",NA,2,"state","Mali (2)","Ethnic grievances"
-0.0377125391795649,0.204665833701245,NA,NA,NA,NA,1.52744,"ethnic_id","expo_bf5yr_10km_bin","no_int",1226,1646.42826508489,1610.64768026942,"Mali",NA,2,"state","Mali (2)","Ethnic ID"
0.0374241387221139,0.253923068254819,0.257738559735417,0.354821389186698,-0.48843225044847,0.558389979544792,1.555528,"ethnic_id","expo_bf5yr_10km_bin","EOSV_state",1226,1659.821031786,1613.81742273753,"Mali",NA,2,"state","Mali (2)","Ethnic ID"
-1.29875058192752,0.473183490796405,NA,NA,NA,NA,1.45576,"ethnic_fairtreat","expo_bf5yr_10km_bin","no_int",1121,849.516495829089,814.362660867583,"Mali",NA,3,"state","Mali (3)","Ethnic grievances"
-1.66360922682792,0.582843306674568,0.485650960566305,0.430407669119405,0.900318929568854,1.03540498925341,1.481752,"ethnic_fairtreat","expo_bf5yr_10km_bin","EOSV_state",1121,860.787643659437,815.589855851788,"Mali",NA,3,"state","Mali (3)","Ethnic grievances"
-1.77696893517683,0.739380002332207,NA,NA,NA,NA,1.45576,"ethnic_fairtreat","expo_reb_bf5yr_10km_bin","no_int",1121,849.727321048906,814.573486087401,"Mali",NA,3,"rebel","Mali (3)","Ethnic grievances"
-1.66829932566326,0.743257907227517,0.411128554021551,0.412095015313447,-11.6839460420456,624.099684149386,1.481896,"ethnic_fairtreat","expo_reb_bf5yr_10km_bin","EOSV_rebel",1121,862.675268979681,817.477481172032,"Mali",NA,3,"rebel","Mali (3)","Ethnic grievances"
-0.514450269427315,0.269394847840815,NA,NA,NA,NA,1.487936,"ethnic_id","expo_bf5yr_10km_bin","no_int",1190,1421.29573324974,1385.723773147,"Mali",NA,3,"state","Mali (3)","Ethnic ID"
-0.388620538189439,0.281963503789191,-0.190472838443996,0.417468779080472,-1.05125329923806,1.14559940899166,1.515304,"ethnic_id","expo_bf5yr_10km_bin","EOSV_state",1190,1433.52598581529,1387.79060854034,"Mali",NA,3,"state","Mali (3)","Ethnic ID"
-0.0722866209598095,0.335436260550727,NA,NA,NA,NA,1.487936,"ethnic_id","expo_reb_bf5yr_10km_bin","no_int",1190,1425.07961837812,1389.50765827538,"Mali",NA,3,"rebel","Mali (3)","Ethnic ID"
-0.084952545917269,0.338552654215999,-0.670800170625173,0.46355417654531,-11.8566162244804,378.554332301305,1.515448,"ethnic_id","expo_reb_bf5yr_10km_bin","EOSV_rebel",1190,1435.70934239425,1389.9739651193,"Mali",NA,3,"rebel","Mali (3)","Ethnic ID"
-1.01715886578227,0.468668035814931,NA,NA,NA,NA,1.464856,"ethnic_fairtreat","expo_bf5yr_10km_bin","no_int",1152,986.619632725517,951.274848836726,"Mali",NA,4,"state","Mali (4)","Ethnic grievances"
-2.19538814518491,0.600331139324868,0.313954135278099,0.4122536580389,3.79525175472431,0.965126576707465,1.491464,"ethnic_fairtreat","expo_bf5yr_10km_bin","EOSV_state",1152,983.673458181287,938.230164609984,"Mali",NA,4,"state","Mali (4)","Ethnic grievances"
-1.08227857686758,0.745582627210662,NA,NA,NA,NA,1.464856,"ethnic_fairtreat","expo_reb_bf5yr_10km_bin","no_int",1152,989.194053401227,953.849269512436,"Mali",NA,4,"rebel","Mali (4)","Ethnic grievances"
-1.7695238573101,1.02882069862013,-0.188053320120168,0.557119854709104,3.44935018549209,1.66141984647663,1.491608,"ethnic_fairtreat","expo_reb_bf5yr_10km_bin","EOSV_rebel",1152,999.627233806542,954.183940235239,"Mali",NA,4,"rebel","Mali (4)","Ethnic grievances"
-0.0582692623297628,0.314276879264161,NA,NA,NA,NA,1.494728,"ethnic_id","expo_bf5yr_10km_bin","no_int",1216,1292.21418571204,1256.49093127435,"Mali",NA,4,"state","Mali (4)","Ethnic ID"
0.106753778313354,0.334684234254741,-0.612125469246861,0.400516642475271,-0.46097171593354,1.16786029277795,1.522616,"ethnic_id","expo_bf5yr_10km_bin","EOSV_state",1216,1302.90224883198,1256.97235026924,"Mali",NA,4,"state","Mali (4)","Ethnic ID"
0.0170522518999821,0.396434273056158,NA,NA,NA,NA,1.494728,"ethnic_id","expo_reb_bf5yr_10km_bin","no_int",1216,1292.24691130468,1256.523656867,"Mali",NA,4,"rebel","Mali (4)","Ethnic ID"
0.106247724666583,0.40175658951753,-0.227554906277858,0.47159849990219,-12.8948906159227,439.559316805423,1.52276,"ethnic_id","expo_reb_bf5yr_10km_bin","EOSV_rebel",1216,1304.62636030387,1258.69646174113,"Mali",NA,4,"rebel","Mali (4)","Ethnic ID"
-0.0718748421645442,0.664941809890967,NA,NA,NA,NA,1.459552,"ethnic_fairtreat","expo_bf5yr_10km_bin","no_int",1181,872.12135033249,836.602532619109,"Mali",NA,5,"state","Mali (5)","Ethnic grievances"
-0.0889681333561781,0.665424428894074,0.494412571437489,0.812002221559787,-11.0134432887622,535.411910695409,1.486744,"ethnic_fairtreat","expo_bf5yr_10km_bin","EOSV_state",1181,885.838581836465,840.171530490688,"Mali",NA,5,"state","Mali (5)","Ethnic grievances"
1.35616527344953,0.616251229966658,NA,NA,NA,NA,1.46544,"ethnic_id","expo_bf5yr_10km_bin","no_int",1194,1037.16536595793,1001.56991590026,"Mali",NA,5,"state","Mali (5)","Ethnic ID"
1.42454560584389,0.6187901990059,-14.2421371357893,481.780591365856,0.879857184991935,1132.7434582019,1.492888,"ethnic_id","expo_bf5yr_10km_bin","EOSV_state",1194,1046.68964088618,1000.9240622406,"Mali",NA,5,"state","Mali (5)","Ethnic ID"
0.662272538295087,0.324682696319626,NA,NA,NA,NA,1.467552,"ethnic_fairtreat","expo_bf5yr_10km_bin","no_int",1198,989.637697099361,954.018835648633,"Mali",NA,6,"state","Mali (6)","Ethnic grievances"
1.14536970232072,0.388698373690202,-12.9182492411471,394.02075361906,11.0898639577548,394.021698759886,1.49508,"ethnic_fairtreat","expo_bf5yr_10km_bin","EOSV_state",1198,996.739403881147,950.943724873068,"Mali",NA,6,"state","Mali (6)","Ethnic grievances"
0.16854181200308,0.352705805129776,NA,NA,NA,NA,1.467552,"ethnic_fairtreat","expo_reb_bf5yr_10km_bin","no_int",1198,993.397033337673,957.778171886945,"Mali",NA,6,"rebel","Mali (6)","Ethnic grievances"
0.331078132520537,0.376094351891992,-11.690407281386,535.411189354101,10.8630333996432,535.411853636517,1.495224,"ethnic_fairtreat","expo_reb_bf5yr_10km_bin","EOSV_rebel",1198,1006.18934223611,960.393663228034,"Mali",NA,6,"rebel","Mali (6)","Ethnic grievances"
-0.194954009774871,0.403186377310588,NA,NA,NA,NA,1.467352,"ethnic_id","expo_bf5yr_10km_bin","no_int",1200,1047.66966802798,1012.03913017755,"Mali",NA,6,"state","Mali (6)","Ethnic ID"
-0.405475750150052,0.491024946912592,-12.8524501211708,383.341821171602,13.4969733964715,383.342747661221,1.49492,"ethnic_id","expo_bf5yr_10km_bin","EOSV_state",1200,1059.60621237986,1013.79552085788,"Mali",NA,6,"state","Mali (6)","Ethnic ID"
-0.373305195957994,0.414905749975801,NA,NA,NA,NA,1.467352,"ethnic_id","expo_reb_bf5yr_10km_bin","no_int",1200,1047.04824386643,1011.41770601599,"Mali",NA,6,"rebel","Mali (6)","Ethnic ID"
-0.626070794338101,0.500104343993214,-11.7696138340135,535.411189882568,12.719385861938,535.411847915125,1.495064,"ethnic_id","expo_reb_bf5yr_10km_bin","EOSV_rebel",1200,1059.70621410693,1013.89552258495,"Mali",NA,6,"rebel","Mali (6)","Ethnic ID"
0.648877782468582,0.433118539550316,NA,NA,NA,NA,1.347728,"ethnic_fairtreat","expo_reb_bf5yr_10km_bin","no_int",940,450.039910563049,416.1187514362,"Morocco",NA,6,"rebel","Morocco (6)","Ethnic grievances"
0.754752672472674,0.379995980306822,NA,NA,NA,NA,1.371552,"ethnic_id","expo_reb_bf5yr_10km_bin","no_int",991,561.594931425844,527.303929685534,"Morocco",NA,6,"rebel","Morocco (6)","Ethnic ID"
0.49470513547986,0.314992718390889,NA,NA,NA,NA,1.302584,"ethnic_fairtreat","expo_reb_bf5yr_10km_bin","no_int",607,592.908478637029,562.048777099612,"Mozambique",NA,2,"rebel","Mozambique (2)","Ethnic grievances"
-1.25632979197185,0.270991038527439,NA,NA,NA,NA,1.565952,"ethnic_id","expo_reb_bf5yr_10km_bin","no_int",1170,1163.12560113097,1127.67228793643,"Mozambique",NA,2,"rebel","Mozambique (2)","Ethnic ID"
0.328908265119312,0.264191663608437,NA,NA,NA,NA,1.380968,"ethnic_fairtreat","expo_reb_bf5yr_10km_bin","no_int",1016,844.543963420783,810.078563023814,"Mozambique",NA,3,"rebel","Mozambique (3)","Ethnic grievances"
-0.00480187142141335,0.328053908752448,NA,NA,NA,NA,1.405728,"ethnic_id","expo_reb_bf5yr_10km_bin","no_int",1069,639.557610402959,604.736258025784,"Mozambique",NA,3,"rebel","Mozambique (3)","Ethnic ID"
0.165265722797868,0.223690908938027,NA,NA,NA,NA,1.297248,"ethnic_fairtreat","expo_reb_bf5yr_10km_bin","no_int",839,911.855752598268,878.730277652998,"Mozambique",NA,4,"rebel","Mozambique (4)","Ethnic grievances"
-0.394354827062058,0.258813265054954,NA,NA,NA,NA,1.337848,"ethnic_id","expo_reb_bf5yr_10km_bin","no_int",926,849.493023298533,815.67690365601,"Mozambique",NA,4,"rebel","Mozambique (4)","Ethnic ID"
0.0870730137285874,0.168644738519964,NA,NA,NA,NA,2.519448,"ethnic_fairtreat","expo_reb_bf5yr_10km_bin","no_int",1981,1820.77511009883,1781.63561077194,"Mozambique",NA,5,"rebel","Mozambique (5)","Ethnic grievances"
0.265017733705551,0.17029058398889,NA,NA,NA,NA,2.574088,"ethnic_id","expo_reb_bf5yr_10km_bin","no_int",2098,1769.64051823325,1730.09933971056,"Mozambique",NA,5,"rebel","Mozambique (5)","Ethnic ID"
-0.0110163802805085,0.1928580511372,NA,NA,NA,NA,2.537888,"ethnic_fairtreat","expo_reb_bf5yr_10km_bin","no_int",2017,1899.80171101969,1860.53614525401,"Mozambique",NA,6,"rebel","Mozambique (6)","Ethnic grievances"
0.0116084573756172,0.275242226032307,NA,NA,NA,NA,2.543856,"ethnic_id","expo_reb_bf5yr_10km_bin","no_int",2030,1122.06624340047,1082.75570589622,"Mozambique",NA,6,"rebel","Mozambique (6)","Ethnic ID"
-0.245606322264351,0.349355011756082,NA,NA,NA,NA,1.379728,"ethnic_fairtreat","expo_bf5yr_10km_bin","no_int",1019,1147.38618151896,1112.90014228641,"Namibia",NA,2,"state","Namibia (2)","Ethnic grievances"
0.243807926114688,0.316666950439781,NA,NA,NA,NA,1.379728,"ethnic_fairtreat","expo_reb_bf5yr_10km_bin","no_int",1019,1147.32739685363,1112.84135762107,"Namibia",NA,2,"rebel","Namibia (2)","Ethnic grievances"
-0.604331312998287,0.371798135094174,NA,NA,NA,NA,1.45932,"ethnic_id","expo_bf5yr_10km_bin","no_int",1189,1138.46551933947,1102.89944406264,"Namibia",NA,2,"state","Namibia (2)","Ethnic ID"
-0.155272727509836,0.332895096626772,NA,NA,NA,NA,1.45932,"ethnic_id","expo_reb_bf5yr_10km_bin","no_int",1189,1141.2268047649,1105.66072948807,"Namibia",NA,2,"rebel","Namibia (2)","Ethnic ID"
-0.344292398122861,0.364642407029972,NA,NA,NA,NA,1.386848,"ethnic_fairtreat","expo_bf5yr_10km_bin","no_int",1031,1206.61431917083,1172.04632778271,"Namibia",NA,3,"state","Namibia (3)","Ethnic grievances"
-0.35493773688704,0.465929798858917,NA,NA,NA,NA,1.386848,"ethnic_fairtreat","expo_reb_bf5yr_10km_bin","no_int",1031,1206.94158831708,1172.37359692896,"Namibia",NA,3,"rebel","Namibia (3)","Ethnic grievances"
0.00191961811677373,0.49113844675307,NA,NA,NA,NA,1.41996,"ethnic_id","expo_bf5yr_10km_bin","no_int",1102,726.654690594468,691.620516666478,"Namibia",NA,3,"state","Namibia (3)","Ethnic ID"
-0.521418039171179,0.746678380988129,NA,NA,NA,NA,1.41996,"ethnic_id","expo_reb_bf5yr_10km_bin","no_int",1102,726.093835541924,691.059661613934,"Namibia",NA,3,"rebel","Namibia (3)","Ethnic ID"
-0.0571849815204182,0.305049623221248,NA,NA,NA,NA,1.430424,"ethnic_fairtreat","expo_reb_bf5yr_10km_bin","no_int",1122,1352.74411292613,1317.58403632355,"Namibia",NA,4,"rebel","Namibia (4)","Ethnic grievances"
0.315397373268031,0.314118184818082,NA,NA,NA,NA,1.460864,"ethnic_id","expo_reb_bf5yr_10km_bin","no_int",1187,1193.53732379753,1157.98303303526,"Namibia",NA,4,"rebel","Namibia (4)","Ethnic ID"
-0.357281443151282,0.2742574974662,NA,NA,NA,NA,1.450808,"ethnic_fairtreat","expo_bf5yr_10km_bin","no_int",1168,1185.32092950026,1149.87959235655,"Namibia",NA,5,"state","Namibia (5)","Ethnic grievances"
-0.819846771975088,0.495046819899431,NA,NA,NA,NA,1.450808,"ethnic_fairtreat","expo_reb_bf5yr_10km_bin","no_int",1168,1183.88236796442,1148.4410308207,"Namibia",NA,5,"rebel","Namibia (5)","Ethnic grievances"
0.321658329905879,0.281582849934707,NA,NA,NA,NA,1.460672,"ethnic_id","expo_bf5yr_10km_bin","no_int",1189,872.556382666076,836.990307389241,"Namibia",NA,5,"state","Namibia (5)","Ethnic ID"
0.00863300364467331,0.470025729613267,NA,NA,NA,NA,1.460672,"ethnic_id","expo_reb_bf5yr_10km_bin","no_int",1189,873.787977728529,838.221902451693,"Namibia",NA,5,"rebel","Namibia (5)","Ethnic ID"
-0.954606280869073,0.44264120357238,NA,NA,NA,NA,1.457432,"ethnic_fairtreat","expo_bf5yr_10km_bin","no_int",1183,1102.19405912434,1066.66339707649,"Namibia",NA,6,"state","Namibia (6)","Ethnic grievances"
0.0838347253044123,0.375477598973609,NA,NA,NA,NA,1.457432,"ethnic_fairtreat","expo_reb_bf5yr_10km_bin","no_int",1183,1107.95290612715,1072.4222440793,"Namibia",NA,6,"rebel","Namibia (6)","Ethnic grievances"
-1.24352388266187,0.732282683151218,NA,NA,NA,NA,1.462888,"ethnic_id","expo_bf5yr_10km_bin","no_int",1195,726.590800157319,690.989489906759,"Namibia",NA,6,"state","Namibia (6)","Ethnic ID"
-0.0178464335027914,0.54706584270706,NA,NA,NA,NA,1.462888,"ethnic_id","expo_reb_bf5yr_10km_bin","no_int",1195,730.769998162029,695.16868791147,"Namibia",NA,6,"rebel","Namibia (6)","Ethnic ID"
0.44814642599531,0.851684933120949,NA,NA,NA,NA,1.440712,"ethnic_fairtreat","expo_bf5yr_10km_bin","no_int",1143,508.244149606501,472.954267959937,"Niger",NA,5,"state","Niger (5)","Ethnic grievances"
0.466011542365647,0.849765962614631,-0.205730543877161,0.744955739611136,-9.99008780645158,535.412190694293,1.467144,"ethnic_fairtreat","expo_bf5yr_10km_bin","EOSV_state",1143,522.178516341228,476.805811367074,"Niger",NA,5,"state","Niger (5)","Ethnic grievances"
0.321568602686366,0.739135009007886,NA,NA,NA,NA,1.462272,"ethnic_id","expo_bf5yr_10km_bin","no_int",1189,781.618099617444,746.052024340608,"Niger",NA,5,"state","Niger (5)","Ethnic ID"
0.348660675729637,0.740072656990095,-0.182033340338589,0.544095337908092,-10.4448017047035,535.411686875166,1.489624,"ethnic_id","expo_bf5yr_10km_bin","EOSV_state",1189,795.559782388597,749.83197131838,"Niger",NA,5,"state","Niger (5)","Ethnic ID"
-4.3337468977822,1.22860328954266,NA,NA,NA,NA,1.45832,"ethnic_fairtreat","expo_bf5yr_10km_bin","no_int",1181,564.585448499798,529.066630786417,"Niger",NA,6,"state","Niger (6)","Ethnic grievances"
-4.29103512477633,1.23220224781383,-0.370059903204144,0.609001327615597,-9.91697344532265,632.315925644877,1.485512,"ethnic_fairtreat","expo_bf5yr_10km_bin","EOSV_state",1181,578.273273804908,532.606222459132,"Niger",NA,6,"state","Niger (6)","Ethnic grievances"
-1.16004777156846,0.868427436403175,NA,NA,NA,NA,1.45488,"ethnic_id","expo_bf5yr_10km_bin","no_int",1174,789.311573188791,753.834369186075,"Niger",NA,6,"state","Niger (6)","Ethnic ID"
-0.832961866581244,0.926531143349892,-1.66061685324582,0.725123037367509,-11.6482247943496,667.473996038311,1.481928,"ethnic_id","expo_bf5yr_10km_bin","EOSV_state",1174,793.813146641572,748.19959863808,"Niger",NA,6,"state","Niger (6)","Ethnic ID"
0.129338667617655,0.106462544521008,NA,NA,NA,NA,3.861056,"ethnic_fairtreat","expo_5yr_10km_bin","no_int",3434,3581.73222357156,3544.88333732282,"Nigeria",NA,1,"state","Nigeria (1)","Ethnic grievances"
0.255311669286792,0.144428379805484,NA,NA,NA,NA,3.861056,"ethnic_fairtreat","expo_bf5yr_10km_bin","no_int",3434,3580.14992129154,3543.3010350428,"Nigeria",NA,1,"state","Nigeria (1)","Ethnic grievances"
-0.41316416605083,0.0887197597419478,NA,NA,NA,NA,3.937,"ethnic_id","expo_5yr_10km_bin","no_int",3603,4876.90837268105,4839.77124001656,"Nigeria",NA,1,"state","Nigeria (1)","Ethnic ID"
0.444785419724761,0.124543188830964,NA,NA,NA,NA,3.937,"ethnic_id","expo_bf5yr_10km_bin","no_int",3603,4885.73252436867,4848.59539170419,"Nigeria",NA,1,"state","Nigeria (1)","Ethnic ID"
0.363463501276706,0.10869671506262,NA,NA,NA,NA,2.61784,"ethnic_fairtreat","expo_5yr_10km_bin","no_int",2149,2978.84496106481,2939.13565578831,"Nigeria",NA,2,"state","Nigeria (2)","Ethnic grievances"
0.112467543659955,0.123784502156601,0.715641364087091,0.206540336256974,0.593822404752158,0.325586220980467,2.664392,"ethnic_fairtreat","expo_5yr_10km_bin","EOSV_state",2149,2951.53295581231,2900.47813474253,"Nigeria",NA,2,"state","Nigeria (2)","Ethnic grievances"
0.37020772089288,0.167518634904413,NA,NA,NA,NA,2.61784,"ethnic_fairtreat","expo_bf5yr_10km_bin","no_int",2149,2985.18627118711,2945.47696591061,"Nigeria",NA,2,"state","Nigeria (2)","Ethnic grievances"
0.734829441781354,0.105835318863656,NA,NA,NA,NA,2.735728,"ethnic_id","expo_5yr_10km_bin","no_int",2401,3292.1717171801,3251.68623300655,"Nigeria",NA,2,"state","Nigeria (2)","Ethnic ID"
0.487710320394238,0.117018912357799,1.35673229550644,0.223269661173093,0.594813411260152,0.404190932570895,2.78732,"ethnic_id","expo_5yr_10km_bin","EOSV_state",2401,3216.52185844225,3164.46909307626,"Nigeria",NA,2,"state","Nigeria (2)","Ethnic ID"
-0.549418611109222,0.159512244859153,NA,NA,NA,NA,2.735728,"ethnic_id","expo_bf5yr_10km_bin","no_int",2401,3329.56205854578,3289.07657437223,"Nigeria",NA,2,"state","Nigeria (2)","Ethnic ID"
-0.368990957264123,0.160775352614612,1.69580190669065,0.183195321389047,-13.8419397938515,324.743785800882,2.78732,"ethnic_id","expo_bf5yr_10km_bin","EOSV_state",2401,3233.88748053265,3181.83471516666,"Nigeria",NA,2,"state","Nigeria (2)","Ethnic ID"
-0.315069261804497,0.153824623848217,NA,NA,NA,NA,2.630952,"ethnic_fairtreat","expo_5yr_10km_bin","no_int",2246,3038.40618890036,2998.38784595327,"Nigeria",NA,3,"state","Nigeria (3)","Ethnic grievances"
-0.638271654800169,0.143047504763149,NA,NA,NA,NA,2.630952,"ethnic_fairtreat","expo_bf5yr_10km_bin","no_int",2246,3021.59815461779,2981.5798116707,"Nigeria",NA,3,"state","Nigeria (3)","Ethnic grievances"
-0.488292255413063,0.151066779584619,0.0789008570945907,0.174747353809784,-1.42042456739835,0.574261795985323,2.67944,"ethnic_fairtreat","expo_bf5yr_10km_bin","EOSV_state",2246,3028.87324631806,2977.42109110037,"Nigeria",NA,3,"state","Nigeria (3)","Ethnic grievances"
-0.223114357896405,0.157002094230611,NA,NA,NA,NA,2.668312,"ethnic_id","expo_5yr_10km_bin","no_int",2326,2970.42511835934,2930.16178102779,"Nigeria",NA,3,"state","Nigeria (3)","Ethnic ID"
-0.420256787027581,0.143874377323772,NA,NA,NA,NA,2.668312,"ethnic_id","expo_bf5yr_10km_bin","no_int",2326,2963.59409915197,2923.33076182042,"Nigeria",NA,3,"state","Nigeria (3)","Ethnic ID"
-0.334977581668069,0.156019366447279,1.05597699495406,0.175114013837234,-1.02987025335845,0.424017895088015,2.7184,"ethnic_id","expo_bf5yr_10km_bin","EOSV_state",2326,2942.17307753056,2890.40592953285,"Nigeria",NA,3,"state","Nigeria (3)","Ethnic ID"
-0.220493425236478,0.143580699756803,NA,NA,NA,NA,2.57016,"ethnic_fairtreat","expo_5yr_10km_bin","no_int",2157,2981.58467321479,2941.84935769007,"Nigeria",NA,4,"state","Nigeria (4)","Ethnic grievances"
-0.165446139997749,0.153182942947385,-0.278559047026776,0.160511137085662,-0.359025127420932,0.448756926224007,2.616872,"ethnic_fairtreat","expo_5yr_10km_bin","EOSV_state",2157,2991.45692232418,2940.36865950667,"Nigeria",NA,4,"state","Nigeria (4)","Ethnic grievances"
-0.432836302353651,0.139985026885648,NA,NA,NA,NA,2.57016,"ethnic_fairtreat","expo_bf5yr_10km_bin","no_int",2157,2974.18365008728,2934.44833456256,"Nigeria",NA,4,"state","Nigeria (4)","Ethnic grievances"
-0.51123933402009,0.153730470651826,-0.418265010403961,0.167455349992939,0.630065458166223,0.378423734281574,2.616872,"ethnic_fairtreat","expo_bf5yr_10km_bin","EOSV_state",2157,2982.73333935127,2931.64507653377,"Nigeria",NA,4,"state","Nigeria (4)","Ethnic grievances"
0.519081333555043,0.157744475108265,NA,NA,NA,NA,2.62624,"ethnic_id","expo_5yr_10km_bin","no_int",2277,2305.18973608248,2265.07543762003,"Nigeria",NA,4,"state","Nigeria (4)","Ethnic ID"
0.589140543657173,0.167405800105197,-0.137773243851045,0.201299289408874,-0.53393378902158,0.516214002233557,2.675352,"ethnic_id","expo_5yr_10km_bin","EOSV_state",2277,2317.96310890719,2266.38758231261,"Nigeria",NA,4,"state","Nigeria (4)","Ethnic ID"
0.57172327080398,0.152736285024713,NA,NA,NA,NA,2.62624,"ethnic_id","expo_bf5yr_10km_bin","no_int",2277,2302.04263552815,2261.92833706571,"Nigeria",NA,4,"state","Nigeria (4)","Ethnic ID"
0.647865113200379,0.166169189176884,-0.181407556180843,0.212748713632999,-0.356001624900521,0.439990578047232,2.675352,"ethnic_id","expo_bf5yr_10km_bin","EOSV_state",2277,2314.67795352553,2263.10242693096,"Nigeria",NA,4,"state","Nigeria (4)","Ethnic ID"
0.0873839655228868,0.130336123691313,NA,NA,NA,NA,2.694208,"ethnic_fairtreat","expo_5yr_10km_bin","no_int",2339,3091.71620365926,3051.41385229317,"Nigeria",NA,5,"state","Nigeria (5)","Ethnic grievances"
-0.0887375320274915,0.17147447142808,-0.189395508091056,0.0959290514959395,0.346415288197925,0.245649331252937,2.74456,"ethnic_fairtreat","expo_5yr_10km_bin","EOSV_state",2339,3102.8274522982,3051.01014339894,"Nigeria",NA,5,"state","Nigeria (5)","Ethnic grievances"
0.360878985690093,0.128062410111425,NA,NA,NA,NA,2.694208,"ethnic_fairtreat","expo_bf5yr_10km_bin","no_int",2339,3084.26430807651,3043.96195671042,"Nigeria",NA,5,"state","Nigeria (5)","Ethnic grievances"
0.329294339080923,0.184080297777693,-0.153648327204923,0.0968809217076958,0.0562939839624532,0.230365389792097,2.74456,"ethnic_fairtreat","expo_bf5yr_10km_bin","EOSV_state",2339,3097.06978238463,3045.25247348538,"Nigeria",NA,5,"state","Nigeria (5)","Ethnic grievances"
-0.516837757487042,0.278942545159705,NA,NA,NA,NA,2.694208,"ethnic_fairtreat","expo_reb_bf5yr_10km_bin","no_int",2339,3088.47854123834,3048.17618987225,"Nigeria",NA,5,"rebel","Nigeria (5)","Ethnic grievances"
0.186986542027877,0.13747146294953,NA,NA,NA,NA,2.698304,"ethnic_id","expo_5yr_10km_bin","no_int",2348,2742.34405754643,2702.01482327979,"Nigeria",NA,5,"state","Nigeria (5)","Ethnic ID"
0.168575924055211,0.181851686612908,0.106965846311614,0.106187473437879,0.0887578918916564,0.25872217455866,2.748832,"ethnic_id","expo_5yr_10km_bin","EOSV_state",2348,2756.19049124639,2704.33861861786,"Nigeria",NA,5,"state","Nigeria (5)","Ethnic ID"
0.0947476348750273,0.138310031843391,NA,NA,NA,NA,2.698304,"ethnic_id","expo_bf5yr_10km_bin","no_int",2348,2743.70440741706,2703.37517315042,"Nigeria",NA,5,"state","Nigeria (5)","Ethnic ID"
0.0970374002384479,0.201635099860785,0.104346242624218,0.105912305965617,-0.0031105653185338,0.251269288636756,2.748832,"ethnic_id","expo_bf5yr_10km_bin","EOSV_state",2348,2758.070284905,2706.21841227647,"Nigeria",NA,5,"state","Nigeria (5)","Ethnic ID"
0.560433985925105,0.252086327236825,NA,NA,NA,NA,2.698304,"ethnic_id","expo_reb_bf5yr_10km_bin","no_int",2348,2739.46439107824,2699.13515681161,"Nigeria",NA,5,"rebel","Nigeria (5)","Ethnic ID"
-0.185530985720783,0.204869264476261,NA,NA,NA,NA,2.61248,"ethnic_fairtreat","expo_5yr_10km_bin","no_int",2167,2705.0176835833,2665.24999057255,"Nigeria",NA,6,"state","Nigeria (6)","Ethnic grievances"
-0.59993025264347,0.280945883239511,-0.061576399308794,0.0994946693700721,1.0206143508295,0.415605581418716,2.659392,"ethnic_fairtreat","expo_5yr_10km_bin","EOSV_state",2167,2714.3193747259,2663.18948371207,"Nigeria",NA,6,"state","Nigeria (6)","Ethnic grievances"
-0.0470155463730386,0.133882491076687,NA,NA,NA,NA,2.61248,"ethnic_fairtreat","expo_bf5yr_10km_bin","no_int",2167,2705.73291830593,2665.96522529517,"Nigeria",NA,6,"state","Nigeria (6)","Ethnic grievances"
-0.0524804048900109,0.172833369504605,-0.000946161704383549,0.105434381696342,0.0134204882374471,0.255729502695878,2.659392,"ethnic_fairtreat","expo_bf5yr_10km_bin","EOSV_state",2167,2721.09219747362,2669.96230645979,"Nigeria",NA,6,"state","Nigeria (6)","Ethnic grievances"
0.10885600426997,0.234487104988446,NA,NA,NA,NA,2.61248,"ethnic_fairtreat","expo_reb_bf5yr_10km_bin","no_int",2167,2705.64296672733,2665.87527371658,"Nigeria",NA,6,"rebel","Nigeria (6)","Ethnic grievances"
0.337923829252562,0.273962024992942,0.46820639483841,0.122401491847724,-0.866501668376064,0.501464409789817,2.659536,"ethnic_fairtreat","expo_reb_bf5yr_10km_bin","EOSV_rebel",2167,2705.99051878712,2654.86062777329,"Nigeria",NA,6,"rebel","Nigeria (6)","Ethnic grievances"
-0.500192207463812,0.292591203391033,NA,NA,NA,NA,2.661072,"ethnic_id","expo_5yr_10km_bin","no_int",2271,2015.92236511062,1975.82653631588,"Nigeria",NA,6,"state","Nigeria (6)","Ethnic ID"
-0.492928207755408,0.363873655086972,-0.0319289227437114,0.121707891941727,-0.0308499394899601,0.604762160030339,2.710064,"ethnic_id","expo_5yr_10km_bin","EOSV_state",2271,2031.29736451959,1979.74558464064,"Nigeria",NA,6,"state","Nigeria (6)","Ethnic ID"
0.0492005317467669,0.160653593152813,NA,NA,NA,NA,2.661072,"ethnic_id","expo_bf5yr_10km_bin","no_int",2271,2019.09852078674,1979.002691992,"Nigeria",NA,6,"state","Nigeria (6)","Ethnic ID"
0.049642703044605,0.209379188843151,-0.0163577485569784,0.131052411483083,-0.00730364651705516,0.303796173202516,2.710064,"ethnic_id","expo_bf5yr_10km_bin","EOSV_state",2271,2034.5319261768,1982.98014629785,"Nigeria",NA,6,"state","Nigeria (6)","Ethnic ID"
-0.339577725396244,0.321112983765927,NA,NA,NA,NA,2.661072,"ethnic_id","expo_reb_bf5yr_10km_bin","no_int",2271,2018.00316245908,1977.90733366434,"Nigeria",NA,6,"rebel","Nigeria (6)","Ethnic ID"
-0.227071779785981,0.38423553769598,0.655416269071294,0.141485401040034,-0.478643830317619,0.663084047972209,2.710208,"ethnic_id","expo_reb_bf5yr_10km_bin","EOSV_rebel",2271,2013.21187485301,1961.66009497406,"Nigeria",NA,6,"rebel","Nigeria (6)","Ethnic ID"
0.717897183310532,0.412998443461608,NA,NA,NA,NA,1.3788,"ethnic_fairtreat","expo_5yr_10km_bin","no_int",1021,589.251724960955,554.751960233803,"Senegal",NA,2,"state","Senegal (2)","Ethnic grievances"
-0.203530401080918,0.788835751671587,0.829554044121849,0.687877964883651,0.618580137063546,1.1447314281905,1.402792,"ethnic_fairtreat","expo_5yr_10km_bin","EOSV_state",1021,598.664403330746,554.307562967264,"Senegal",NA,2,"state","Senegal (2)","Ethnic grievances"
0.717897183310532,0.412998443461608,NA,NA,NA,NA,1.3788,"ethnic_fairtreat","expo_bf5yr_10km_bin","no_int",1021,589.251724960955,554.751960233803,"Senegal",NA,2,"state","Senegal (2)","Ethnic grievances"
-0.203530401080918,0.788835751671587,0.829554044121849,0.687877964883651,0.618580137063546,1.1447314281905,1.402792,"ethnic_fairtreat","expo_bf5yr_10km_bin","EOSV_state",1021,598.664403330746,554.307562967264,"Senegal",NA,2,"state","Senegal (2)","Ethnic grievances"
0.913835337380904,0.28060371918642,NA,NA,NA,NA,1.433008,"ethnic_id","expo_5yr_10km_bin","no_int",1137,1359.4229713407,1324.16993188444,"Senegal",NA,2,"state","Senegal (2)","Ethnic ID"
0.733168703832027,0.435689401384527,0.67245001991973,0.538646838249844,-0.343626945336271,0.78196935060016,1.45932,"ethnic_id","expo_5yr_10km_bin","EOSV_state",1137,1371.56237995253,1326.23704350877,"Senegal",NA,2,"state","Senegal (2)","Ethnic ID"
0.913835337380904,0.28060371918642,NA,NA,NA,NA,1.433008,"ethnic_id","expo_bf5yr_10km_bin","no_int",1137,1359.4229713407,1324.16993188444,"Senegal",NA,2,"state","Senegal (2)","Ethnic ID"
0.733168703832027,0.435689401384527,0.67245001991973,0.538646838249844,-0.343626945336271,0.78196935060016,1.45932,"ethnic_id","expo_bf5yr_10km_bin","EOSV_state",1137,1371.56237995253,1326.23704350877,"Senegal",NA,2,"state","Senegal (2)","Ethnic ID"
0.837622112131635,0.300036926638908,NA,NA,NA,NA,1.412792,"ethnic_fairtreat","expo_bf5yr_10km_bin","no_int",1085,836.516594327953,801.591247466131,"Senegal",NA,4,"state","Senegal (4)","Ethnic grievances"
0.286270374809394,0.414967480811979,2.16518973259482,0.429177211042303,-0.516645841129896,0.716683157760305,1.438064,"ethnic_fairtreat","expo_bf5yr_10km_bin","EOSV_state",1085,819.495019345727,774.591001951955,"Senegal",NA,4,"state","Senegal (4)","Ethnic grievances"
0.536071321848791,0.281537052263467,NA,NA,NA,NA,1.451088,"ethnic_id","expo_bf5yr_10km_bin","no_int",1167,1023.50200538608,988.066663960076,"Senegal",NA,4,"state","Senegal (4)","Ethnic ID"
0.409463365339405,0.348525725167803,1.27138214788078,0.420598313137852,-0.764897951229469,0.687014234038084,1.478,"ethnic_id","expo_bf5yr_10km_bin","EOSV_state",1167,1028.42759337731,982.867868686734,"Senegal",NA,4,"state","Senegal (4)","Ethnic ID"
0.238139252892892,0.554618677370997,NA,NA,NA,NA,1.455872,"ethnic_fairtreat","expo_5yr_10km_bin","no_int",1173,650.425627901187,614.954388960613,"Senegal",NA,5,"state","Senegal (5)","Ethnic grievances"
0.344741727916032,0.555925602212687,1.14050059910243,0.372549507793664,-12.0282516247724,535.411605042639,1.482904,"ethnic_fairtreat","expo_5yr_10km_bin","EOSV_state",1173,656.508485163297,610.902606525415,"Senegal",NA,5,"state","Senegal (5)","Ethnic grievances"
1.19968520467523,0.37287625168927,NA,NA,NA,NA,1.455872,"ethnic_fairtreat","expo_bf5yr_10km_bin","no_int",1173,641.121539257617,605.650300317042,"Senegal",NA,5,"state","Senegal (5)","Ethnic grievances"
0.699543889672763,0.538166602949456,0.312111999206626,0.757623167220509,0.575257409657968,0.997241158039666,1.482904,"ethnic_fairtreat","expo_bf5yr_10km_bin","EOSV_state",1173,653.100204776009,607.494326138127,"Senegal",NA,5,"state","Senegal (5)","Ethnic grievances"
-0.713826553308793,0.610398491184467,NA,NA,NA,NA,1.453888,"ethnic_id","expo_5yr_10km_bin","no_int",1169,924.182039346747,888.734711616442,"Senegal",NA,5,"state","Senegal (5)","Ethnic ID"
-0.696685982192559,0.610909004667665,0.175415117011391,0.406020720471977,-10.24918762933,535.411686630907,1.48084,"ethnic_id","expo_5yr_10km_bin","EOSV_state",1169,938.069600700895,892.494465047647,"Senegal",NA,5,"state","Senegal (5)","Ethnic ID"
-0.567652227662205,0.499187009848675,NA,NA,NA,NA,1.453888,"ethnic_id","expo_bf5yr_10km_bin","no_int",1169,924.38276583671,888.935438106405,"Senegal",NA,5,"state","Senegal (5)","Ethnic ID"
-0.716119913979577,0.773120206150658,0.711683978795852,0.527137441552329,-0.409324733099745,1.1148372687741,1.48084,"ethnic_id","expo_bf5yr_10km_bin","EOSV_state",1169,936.78915268388,891.214017030631,"Senegal",NA,5,"state","Senegal (5)","Ethnic ID"
1.32201834852188,0.702472869903847,NA,NA,NA,NA,1.45752,"ethnic_fairtreat","expo_5yr_10km_bin","no_int",1177,467.847244969619,432.352176218797,"Senegal",NA,6,"state","Senegal (6)","Ethnic grievances"
1.34917261602796,0.446225240358109,NA,NA,NA,NA,1.45752,"ethnic_fairtreat","expo_bf5yr_10km_bin","no_int",1177,463.117654200603,427.622585449781,"Senegal",NA,6,"state","Senegal (6)","Ethnic grievances"
-0.363515085272322,1.04766446950361,0.541641248119959,1.06636184355317,2.13103812925345,1.55533602049231,1.484632,"ethnic_fairtreat","expo_bf5yr_10km_bin","EOSV_state",1177,468.630467510625,422.993950545283,"Senegal",NA,6,"state","Senegal (6)","Ethnic grievances"
0.991359806111883,0.45898635529589,NA,NA,NA,NA,1.460616,"ethnic_id","expo_5yr_10km_bin","no_int",1184,713.899347609381,678.362770901273,"Senegal",NA,6,"state","Senegal (6)","Ethnic ID"
0.454180573019514,0.442517659926844,NA,NA,NA,NA,1.460616,"ethnic_id","expo_bf5yr_10km_bin","no_int",1184,716.932132681854,681.395555973746,"Senegal",NA,6,"state","Senegal (6)","Ethnic ID"
-0.945925706034744,1.03638655908928,-0.215148997745729,1.04371446333828,2.31431449518372,1.53789568833425,1.487864,"ethnic_id","expo_bf5yr_10km_bin","EOSV_state",1184,726.225360532971,680.535476193975,"Senegal",NA,6,"state","Senegal (6)","Ethnic ID"
0.216929235541964,0.199000086243354,NA,NA,NA,NA,1.425456,"ethnic_fairtreat","expo_bf5yr_10km_bin","no_int",1124,887.053242632646,851.88069941947,"Sierra Leone",NA,5,"state","Sierra Leone (5)","Ethnic grievances"
-0.0770330359683959,0.427387691693059,NA,NA,NA,NA,1.438048,"ethnic_id","expo_bf5yr_10km_bin","no_int",1151,402.204319423925,366.865614562872,"Sierra Leone",NA,5,"state","Sierra Leone (5)","Ethnic ID"
0.0432564814036691,0.207159077686094,NA,NA,NA,NA,1.371184,"ethnic_fairtreat","expo_bf5yr_10km_bin","no_int",1006,891.734049779415,857.337888324798,"Sierra Leone",NA,6,"state","Sierra Leone (6)","Ethnic grievances"
-0.891060012346616,0.45076091165795,NA,NA,NA,NA,1.430072,"ethnic_id","expo_bf5yr_10km_bin","no_int",1132,450.683282367691,415.461093556349,"Sierra Leone",NA,6,"state","Sierra Leone (6)","Ethnic ID"
0.327474336874018,0.107623029683223,NA,NA,NA,NA,2.43836,"ethnic_fairtreat","expo_bf5yr_10km_bin","no_int",2090,2531.10289804281,2497.23338197306,"South Africa",NA,1,"state","South Africa (1)","Ethnic grievances"
0.423720459119041,0.11795526430042,NA,NA,NA,NA,2.480832,"ethnic_id","expo_bf5yr_10km_bin","no_int",2183,2310.66741896304,2276.53668682374,"South Africa",NA,1,"state","South Africa (1)","Ethnic ID"
0.103883026440411,0.104447870335409,NA,NA,NA,NA,2.548864,"ethnic_fairtreat","expo_bf5yr_10km_bin","no_int",2009,2525.34148495182,2486.10373839812,"South Africa",NA,2,"state","South Africa (2)","Ethnic grievances"
0.464176547542812,0.157276691624203,NA,NA,NA,NA,2.691488,"ethnic_id","expo_bf5yr_10km_bin","no_int",2314,1465.54555431103,1425.31842395676,"South Africa",NA,2,"state","South Africa (2)","Ethnic ID"
-0.102777464382459,0.119726029151718,NA,NA,NA,NA,2.574384,"ethnic_fairtreat","expo_bf5yr_10km_bin","no_int",2056,2153.19877605682,2113.79915267079,"South Africa",NA,3,"state","South Africa (3)","Ethnic grievances"
-0.168468926770289,0.143144280640739,NA,NA,NA,NA,2.654368,"ethnic_id","expo_bf5yr_10km_bin","no_int",2227,1715.19599913618,1675.23712446538,"South Africa",NA,3,"state","South Africa (3)","Ethnic ID"
-0.2036877008117,0.109073558308729,NA,NA,NA,NA,2.47956,"ethnic_fairtreat","expo_bf5yr_10km_bin","no_int",1840,2337.13839967585,2298.51575372162,"South Africa",NA,4,"state","South Africa (4)","Ethnic grievances"
0.276029196912049,0.150470066444673,NA,NA,NA,NA,2.51692,"ethnic_id","expo_bf5yr_10km_bin","no_int",1920,1496.20816313466,1457.2875998795,"South Africa",NA,4,"state","South Africa (4)","Ethnic ID"
0.39240444531371,0.123526374118624,NA,NA,NA,NA,2.59296,"ethnic_fairtreat","expo_bf5yr_10km_bin","no_int",2076,1976.65297400985,1937.18558629985,"South Africa",NA,5,"state","South Africa (5)","Ethnic grievances"
0.374629320491217,0.16765306503545,NA,NA,NA,NA,2.621448,"ethnic_id","expo_bf5yr_10km_bin","no_int",2137,1281.25981715244,1241.5897093652,"South Africa",NA,5,"state","South Africa (5)","Ethnic ID"
-0.0522720494559783,0.116319238110699,NA,NA,NA,NA,2.67636,"ethnic_fairtreat","expo_bf5yr_10km_bin","no_int",2275,2238.22612952183,2198.11798220213,"South Africa",NA,6,"state","South Africa (6)","Ethnic grievances"
0.011054235535742,0.12676012687099,NA,NA,NA,NA,2.696872,"ethnic_id","expo_bf5yr_10km_bin","no_int",2319,2072.34716645499,2032.1049270942,"South Africa",NA,6,"state","South Africa (6)","Ethnic ID"
-0.451178786743613,0.453332912169728,NA,NA,NA,NA,1.28116,"ethnic_fairtreat","expo_5yr_10km_bin","no_int",763,1024.00295382288,991.542147603886,"Tanzania",NA,2,"state","Tanzania (2)","Ethnic grievances"
-1.2802382137193,0.641502475766813,NA,NA,NA,NA,1.480896,"ethnic_id","expo_5yr_10km_bin","no_int",1190,1109.31012120984,1073.7381611071,"Tanzania",NA,2,"state","Tanzania (2)","Ethnic ID"
1.00370582213873,0.490999351588003,NA,NA,NA,NA,1.447144,"ethnic_fairtreat","expo_5yr_10km_bin","no_int",1021,1028.99608644915,994.496321721996,"Tanzania",NA,3,"state","Tanzania (3)","Ethnic grievances"
-2.08249731779099,1.09415122387075,NA,NA,NA,NA,1.526624,"ethnic_id","expo_5yr_10km_bin","no_int",1191,562.749062485298,527.171222499811,"Tanzania",NA,3,"state","Tanzania (3)","Ethnic ID"
0.811090954020878,0.548587327979289,NA,NA,NA,NA,1.3992,"ethnic_fairtreat","expo_bf5yr_10km_bin","no_int",1036,823.121636117747,788.519779158011,"Tanzania",NA,4,"state","Tanzania (4)","Ethnic grievances"
1.38859534632224,0.566930210517238,NA,NA,NA,NA,1.444552,"ethnic_id","expo_bf5yr_10km_bin","no_int",1133,624.923390659008,589.695020831812,"Tanzania",NA,4,"state","Tanzania (4)","Ethnic ID"
0.0561647958795971,0.27165557237966,NA,NA,NA,NA,2.691344,"ethnic_fairtreat","expo_bf5yr_10km_bin","no_int",2335,1934.34317922002,1894.0528090293,"Tanzania",NA,5,"state","Tanzania (5)","Ethnic grievances"
1.59594804072156,0.362594505363215,NA,NA,NA,NA,2.705736,"ethnic_id","expo_bf5yr_10km_bin","no_int",2366,825.946952200359,785.56425988859,"Tanzania",NA,5,"state","Tanzania (5)","Ethnic ID"
0.482415598799776,0.43258719467979,NA,NA,NA,NA,2.635904,"ethnic_fairtreat","expo_bf5yr_10km_bin","no_int",2237,836.715524921482,796.725288191051,"Tanzania",NA,6,"state","Tanzania (6)","Ethnic grievances"
0.604193888902767,0.355853666296008,NA,NA,NA,NA,2.645184,"ethnic_id","expo_bf5yr_10km_bin","no_int",2257,1081.50158220501,1041.44903976728,"Tanzania",NA,6,"state","Tanzania (6)","Ethnic ID"
0.0705328616652123,0.188101257614884,NA,NA,NA,NA,1.40992,"ethnic_fairtreat","expo_bf5yr_10km_bin","no_int",1081,1440.98894810632,1406.08945538285,"Togo",NA,5,"state","Togo (5)","Ethnic grievances"
0.0230583546868344,0.249314233755648,NA,NA,NA,NA,1.45052,"ethnic_id","expo_bf5yr_10km_bin","no_int",1168,939.588127560863,904.146790417146,"Togo",NA,5,"state","Togo (5)","Ethnic ID"
0.37910092677892,0.175005551703748,NA,NA,NA,NA,1.430136,"ethnic_fairtreat","expo_bf5yr_10km_bin","no_int",1123,1433.56232067681,1398.39600799364,"Togo",NA,6,"state","Togo (6)","Ethnic grievances"
-0.379777878214737,0.241230848082989,NA,NA,NA,NA,1.453936,"ethnic_id","expo_bf5yr_10km_bin","no_int",1174,983.003813658324,947.526609655608,"Togo",NA,6,"state","Togo (6)","Ethnic ID"
-0.111785299765328,0.2947359021672,NA,NA,NA,NA,2.6818,"ethnic_fairtreat","expo_bf5yr_10km_bin","no_int",2308,2642.40319214808,2602.19423575469,"Uganda",NA,3,"state","Uganda (3)","Ethnic grievances"
-1.0286680888816,0.431679945190994,NA,NA,NA,NA,2.716968,"ethnic_id","expo_bf5yr_10km_bin","no_int",2383,2382.59149740507,2342.15868906537,"Uganda",NA,3,"state","Uganda (3)","Ethnic ID"
0.612595378958583,0.20039133432313,NA,NA,NA,NA,2.655664,"ethnic_fairtreat","expo_bf5yr_10km_bin","no_int",2224,2902.19400622579,2862.2445676382,"Uganda",NA,4,"state","Uganda (4)","Ethnic grievances"
0.327671062654896,0.217208507498698,NA,NA,NA,NA,2.721104,"ethnic_id","expo_bf5yr_10km_bin","no_int",2364,2483.87164998997,2443.49487734029,"Uganda",NA,4,"state","Uganda (4)","Ethnic ID"
-0.268921571832098,0.290224924516041,NA,NA,NA,NA,2.66824,"ethnic_fairtreat","expo_5yr_10km_bin","no_int",2268,2826.50548351707,2786.41890786314,"Uganda",NA,5,"state","Uganda (5)","Ethnic grievances"
0.232541323922348,0.221939166774359,NA,NA,NA,NA,2.66824,"ethnic_fairtreat","expo_bf5yr_10km_bin","no_int",2268,2826.29009217898,2786.20351652504,"Uganda",NA,5,"state","Uganda (5)","Ethnic grievances"
1.28492075091894,0.419325549307859,NA,NA,NA,NA,2.712656,"ethnic_id","expo_5yr_10km_bin","no_int",2363,1597.68279100109,1557.30898006078,"Uganda",NA,5,"state","Uganda (5)","Ethnic ID"
-0.154319718935378,0.344980188708685,NA,NA,NA,NA,2.712656,"ethnic_id","expo_bf5yr_10km_bin","no_int",2363,1606.343381693,1565.96957075269,"Uganda",NA,5,"state","Uganda (5)","Ethnic ID"
0.191371799154526,0.210434075573814,NA,NA,NA,NA,2.65772,"ethnic_fairtreat","expo_bf5yr_10km_bin","no_int",2251,2327.67836579866,2287.64445691232,"Uganda",NA,6,"state","Uganda (6)","Ethnic grievances"
-0.23547680175059,0.231362994446063,NA,NA,NA,NA,2.710992,"ethnic_id","expo_bf5yr_10km_bin","no_int",2365,2264.16118010673,2223.78144700025,"Uganda",NA,6,"state","Uganda (6)","Ethnic ID"
0.280897209216636,0.345196608805289,NA,NA,NA,NA,1.366536,"ethnic_fairtreat","expo_5yr_10km_bin","no_int",1010,1426.38076786705,1396.87453420804,"Zimbabwe",NA,1,"state","Zimbabwe (1)","Ethnic grievances"
-0.880154723016391,0.364614380528236,NA,NA,NA,NA,1.414368,"ethnic_id","expo_5yr_10km_bin","no_int",1115,1456.76034552145,1426.66068741809,"Zimbabwe",NA,1,"state","Zimbabwe (1)","Ethnic ID"
-0.187727720296249,0.25388981569085,NA,NA,NA,NA,1.233464,"ethnic_fairtreat","expo_5yr_10km_bin","no_int",819,984.550954915963,951.594366328992,"Zimbabwe",NA,2,"state","Zimbabwe (2)","Ethnic grievances"
0.0406819132862662,0.356618429453615,NA,NA,NA,NA,1.233464,"ethnic_fairtreat","expo_bf5yr_10km_bin","no_int",819,985.088512878896,952.131924291925,"Zimbabwe",NA,2,"state","Zimbabwe (2)","Ethnic grievances"
0.392074443618022,0.333983786479507,NA,NA,NA,NA,1.363504,"ethnic_id","expo_5yr_10km_bin","no_int",1097,666.847313413596,631.84497219167,"Zimbabwe",NA,2,"state","Zimbabwe (2)","Ethnic ID"
0.217334503050275,0.492768390892803,NA,NA,NA,NA,1.363504,"ethnic_id","expo_bf5yr_10km_bin","no_int",1097,668.013006111796,633.010664889869,"Zimbabwe",NA,2,"state","Zimbabwe (2)","Ethnic ID"
0.250238194991109,0.288446266919491,NA,NA,NA,NA,1.396016,"ethnic_fairtreat","expo_5yr_10km_bin","no_int",1047,1093.74495980206,1059.06917032597,"Zimbabwe",NA,4,"state","Zimbabwe (4)","Ethnic grievances"
0.33720681295639,0.247703934943342,NA,NA,NA,NA,1.396016,"ethnic_fairtreat","expo_bf5yr_10km_bin","no_int",1047,1092.64363494739,1057.9678454713,"Zimbabwe",NA,4,"state","Zimbabwe (4)","Ethnic grievances"
0.387633238561015,0.299723381632468,NA,NA,NA,NA,1.448352,"ethnic_id","expo_5yr_10km_bin","no_int",1159,1094.72363740222,1059.33644749884,"Zimbabwe",NA,4,"state","Zimbabwe (4)","Ethnic ID"
-0.0214336604157179,0.283378001409872,NA,NA,NA,NA,1.448352,"ethnic_id","expo_bf5yr_10km_bin","no_int",1159,1096.34905629496,1060.96186639158,"Zimbabwe",NA,4,"state","Zimbabwe (4)","Ethnic ID"
-0.220983458305956,0.228614111131455,NA,NA,NA,NA,2.681176,"ethnic_fairtreat","expo_5yr_10km_bin","no_int",2352,2129.91450000313,2089.57335084,"Zimbabwe",NA,5,"state","Zimbabwe (5)","Ethnic grievances"
0.604925517287541,0.207337307109956,NA,NA,NA,NA,2.681176,"ethnic_fairtreat","expo_bf5yr_10km_bin","no_int",2352,2122.67092626485,2082.32977710172,"Zimbabwe",NA,5,"state","Zimbabwe (5)","Ethnic grievances"
-0.320269517297516,0.263979518968338,NA,NA,NA,NA,2.693344,"ethnic_id","expo_5yr_10km_bin","no_int",2378,1844.55084789123,1804.13274235047,"Zimbabwe",NA,5,"state","Zimbabwe (5)","Ethnic ID"
0.117913336835842,0.247591860829743,NA,NA,NA,NA,2.693344,"ethnic_id","expo_bf5yr_10km_bin","no_int",2378,1845.87367455795,1805.45556901719,"Zimbabwe",NA,5,"state","Zimbabwe (5)","Ethnic ID"
1.49040482207125,0.409440897316788,NA,NA,NA,NA,2.68708,"ethnic_fairtreat","expo_5yr_10km_bin","no_int",2339,1567.93413175996,1527.63178039387,"Zimbabwe",NA,6,"state","Zimbabwe (6)","Ethnic grievances"
0.59295560850284,0.192421593286033,NA,NA,NA,NA,2.68708,"ethnic_fairtreat","expo_bf5yr_10km_bin","no_int",2339,1570.38367662925,1530.08132526316,"Zimbabwe",NA,6,"state","Zimbabwe (6)","Ethnic grievances"
0.562855918754506,0.37273733866106,NA,NA,NA,NA,2.703392,"ethnic_id","expo_5yr_10km_bin","no_int",2374,1717.70256333453,1677.29624230834,"Zimbabwe",NA,6,"state","Zimbabwe (6)","Ethnic ID"
0.28478161366406,0.189741893727005,NA,NA,NA,NA,2.703392,"ethnic_id","expo_bf5yr_10km_bin","no_int",2374,1717.64650883077,1677.24018780458,"Zimbabwe",NA,6,"state","Zimbabwe (6)","Ethnic ID"
